lang,topic,topic_hash,section_name,section_hash,section_mapped,section_name_translated,topic_name_translated,topic_mapped
bn,India,CAAqIQgKIhtDQkFTRGdvSUwyMHZNRE55YXpBU0FtSnVLQUFQAQ,,,,,India,NATION
bn,The world,CAAqJggKIiBDQkFTRWdvSUwyMHZNRGx1YlY4U0FtSnVHZ0pKVGlnQVAB,,,,,The world,WORLD
bn,Local news,CAAqHAgKIhZDQklTQ2pvSWJHOWpZV3hmZGpJb0FBUAE,,,,,Local news,NATION
bn,Business,CAAqJggKIiBDQkFTRWdvSUwyMHZNRGx6TVdZU0FtSnVHZ0pKVGlnQVAB,,,,,Business,BUSINESS
bn,Entertainment,CAAqJggKIiBDQkFTRWdvSUwyMHZNREpxYW5RU0FtSnVHZ0pKVGlnQVAB,অতিসাম্প্রতিক,CAQqKggAKiYICiIgQ0JBU0Vnb0lMMjB2TURKcWFuUVNBbUp1R2dKSlRpZ0FQAQ,MOST RECENT,most recent,Entertainment,ENTERTAINMENT
bn,Entertainment,CAAqJggKIiBDQkFTRWdvSUwyMHZNREpxYW5RU0FtSnVHZ0pKVGlnQVAB,সিনেমা,CAQiWkNCQVNQUW9JTDIwdk1ESnFhblFTQW1KdUdnSkpUaUlPQ0FRYUNnb0lMMjB2TURKMmVHNHFHUW9YQ2hOTlQxWkpSVk5mVTBWRFZFbFBUbDlPUVUxRklBRW9BQSoqCAAqJggKIiBDQkFTRWdvSUwyMHZNREpxYW5RU0FtSnVHZ0pKVGlnQVABUAE,MOVIES,movies,Entertainment,ENTERTAINMENT
bn,Entertainment,CAAqJggKIiBDQkFTRWdvSUwyMHZNREpxYW5RU0FtSnVHZ0pKVGlnQVAB,মিউজিক,CAQiRkNCQVNMZ29JTDIwdk1ESnFhblFTQW1KdUdnSkpUaUlPQ0FRYUNnb0lMMjB2TURSeWJHWXFDaElJTDIwdk1EUnliR1lvQUEqKggAKiYICiIgQ0JBU0Vnb0lMMjB2TURKcWFuUVNBbUp1R2dKSlRpZ0FQAVAB,MUSIC,music,Entertainment,ENTERTAINMENT
bn,Entertainment,CAAqJggKIiBDQkFTRWdvSUwyMHZNREpxYW5RU0FtSnVHZ0pKVGlnQVAB,TV,CAQiRkNCQVNMZ29JTDIwdk1ESnFhblFTQW1KdUdnSkpUaUlPQ0FRYUNnb0lMMjB2TURkak5USXFDaElJTDIwdk1EZGpOVElvQUEqKggAKiYICiIgQ0JBU0Vnb0lMMjB2TURKcWFuUVNBbUp1R2dKSlRpZ0FQAVAB,TV,tv,Entertainment,ENTERTAINMENT
bn,Entertainment,CAAqJggKIiBDQkFTRWdvSUwyMHZNREpxYW5RU0FtSnVHZ0pKVGlnQVAB,বই,CAQiWkNCQVNQUW9JTDIwdk1ESnFhblFTQW1KdUdnSkpUaUlQQ0FRYUN3b0pMMjB2TUdKMFgyTXpLaGdLRmdvU1FrOVBTMU5mVTBWRFZFbFBUbDlPUVUxRklBRW9BQSoqCAAqJggKIiBDQkFTRWdvSUwyMHZNREpxYW5RU0FtSnVHZ0pKVGlnQVABUAE,BOOKS,books,Entertainment,ENTERTAINMENT
bn,Entertainment,CAAqJggKIiBDQkFTRWdvSUwyMHZNREpxYW5RU0FtSnVHZ0pKVGlnQVAB,শিল্পকলা,CAQiQ0NCQVNMQW9JTDIwdk1ESnFhblFTQW1KdUdnSkpUaUlOQ0FRYUNRb0hMMjB2TUdwcWR5b0pFZ2N2YlM4d2FtcDNLQUEqKggAKiYICiIgQ0JBU0Vnb0lMMjB2TURKcWFuUVNBbUp1R2dKSlRpZ0FQAVAB,ART,art,Entertainment,ENTERTAINMENT
bn,Entertainment,CAAqJggKIiBDQkFTRWdvSUwyMHZNREpxYW5RU0FtSnVHZ0pKVGlnQVAB,সেলিব্রিটি,CAQiRkNCQVNMZ29JTDIwdk1ESnFhblFTQW1KdUdnSkpUaUlPQ0FRYUNnb0lMMjB2TURGeVpub3FDaElJTDIwdk1ERnlabm9vQUEqKggAKiYICiIgQ0JBU0Vnb0lMMjB2TURKcWFuUVNBbUp1R2dKSlRpZ0FQAVAB,CELEBRITIES,celebrities,Entertainment,ENTERTAINMENT
bn,Sports,CAAqJggKIiBDQkFTRWdvSUwyMHZNRFp1ZEdvU0FtSnVHZ0pKVGlnQVAB,,,,,Sports,SPORTS
en,COVID-19,CAAqIggKIhxDQkFTRHdvSkwyMHZNREZqY0hsNUVnSmxiaWdBUAE,COVID-19,CAQqEAgAKgcICjDKgJgLMPSprwMw9snOBg,COVID-19,covid-19,COVID-19,COVID-19
en,COVID-19,CAAqIggKIhxDQkFTRHdvSkwyMHZNREZqY0hsNUVnSmxiaWdBUAE,Local,CAQiWkNCQVNQUW9KTDIwdk1ERmpjSGw1RWdWbGJpMUhRaUlMQ0F3NkJ3b0ZiRzlqWVd3cUhBb2FDaFpNVDBOQlRGOU9SVmRUWDBWWVVFeEJUa0ZVU1U5T0lBRW9BQSoqCAAqJggKIiBDQkFTRWdvSkwyMHZNREZqY0hsNUVnVmxiaTFIUWlnQVABUAE,NATION,local,COVID-19,COVID-19
en,India,CAAqJQgKIh9DQkFTRVFvSUwyMHZNRE55YXpBU0JXVnVMVWRDS0FBUAE,,,,,India,NATION
en,World,CAAqKggKIiRDQkFTRlFvSUwyMHZNRGx1YlY4U0JXVnVMVWRDR2dKSlRpZ0FQAQ,,,,,World,WORLD
en,Your local news,CAAqHAgKIhZDQklTQ2pvSWJHOWpZV3hmZGpJb0FBUAE,,,,,Your local news,NATION
en,Business,CAAqKggKIiRDQkFTRlFvSUwyMHZNRGx6TVdZU0JXVnVMVWRDR2dKSlRpZ0FQAQ,Latest,CAQqLggAKioICiIkQ0JBU0ZRb0lMMjB2TURsek1XWVNCV1Z1TFVkQ0dnSkpUaWdBUAE,LATEST,latest,Business,BUSINESS
en,Business,CAAqKggKIiRDQkFTRlFvSUwyMHZNRGx6TVdZU0JXVnVMVWRDR2dKSlRpZ0FQAQ,Economy,CAQiTENCQVNNd29JTDIwdk1EbHpNV1lTQldWdUxVZENHZ0pKVGlJUENBUWFDd29KTDIwdk1HZG1jSE16S2dzU0NTOXRMekJuWm5Cek15Z0EqLggAKioICiIkQ0JBU0ZRb0lMMjB2TURsek1XWVNCV1Z1TFVkQ0dnSkpUaWdBUAFQAQ,ECONOMY,economy,Business,BUSINESS
en,Business,CAAqKggKIiRDQkFTRlFvSUwyMHZNRGx6TVdZU0JXVnVMVWRDR2dKSlRpZ0FQAQ,Markets,CAQiYENCQVNRZ29JTDIwdk1EbHpNV1lTQldWdUxVZENHZ0pKVGlJUENBUWFDd29KTDIwdk1EbDVOSEJ0S2hvS0dBb1VUVUZTUzBWVVUxOVRSVU5VU1U5T1gwNUJUVVVnQVNnQSouCAAqKggKIiRDQkFTRlFvSUwyMHZNRGx6TVdZU0JXVnVMVWRDR2dKSlRpZ0FQAVAB,MARKETS,markets,Business,BUSINESS
en,Business,CAAqKggKIiRDQkFTRlFvSUwyMHZNRGx6TVdZU0JXVnVMVWRDR2dKSlRpZ0FQAQ,Jobs,CAQiXENCQVNQd29JTDIwdk1EbHpNV1lTQldWdUxVZENHZ0pKVGlJUENBUWFDd29KTDIwdk1ERjBjWEpyS2hjS0ZRb1JTazlDVTE5VFJVTlVTVTlPWDA1QlRVVWdBU2dBKi4IACoqCAoiJENCQVNGUW9JTDIwdk1EbHpNV1lTQldWdUxVZENHZ0pKVGlnQVABUAE,JOBS,jobs,Business,BUSINESS
en,Business,CAAqKggKIiRDQkFTRlFvSUwyMHZNRGx6TVdZU0JXVnVMVWRDR2dKSlRpZ0FQAQ,Personal finance,CAQiTENCQVNNd29JTDIwdk1EbHpNV1lTQldWdUxVZENHZ0pKVGlJUENBUWFDd29KTDIwdk1ERjVObU54S2dzU0NTOXRMekF4ZVRaamNTZ0EqLggAKioICiIkQ0JBU0ZRb0lMMjB2TURsek1XWVNCV1Z1TFVkQ0dnSkpUaWdBUAFQAQ,BUSINESS,personal finance,Business,BUSINESS
en,Business,CAAqKggKIiRDQkFTRlFvSUwyMHZNRGx6TVdZU0JXVnVMVWRDR2dKSlRpZ0FQAQ,Entrepreneurship,CAQiSkNCQVNNUW9JTDIwdk1EbHpNV1lTQldWdUxVZENHZ0pKVGlJT0NBUWFDZ29JTDIwdk1ESnVkM0VxQ2hJSUwyMHZNREp1ZDNFb0FBKi4IACoqCAoiJENCQVNGUW9JTDIwdk1EbHpNV1lTQldWdUxVZENHZ0pKVGlnQVABUAE,ENTREPRENEURSHIP,entrepreneurship,Business,BUSINESS
en,Technology,CAAqKggKIiRDQkFTRlFvSUwyMHZNRGRqTVhZU0JXVnVMVWRDR2dKSlRpZ0FQAQ,Latest,CAQqLggAKioICiIkQ0JBU0ZRb0lMMjB2TURkak1YWVNCV1Z1TFVkQ0dnSkpUaWdBUAE,LATEST,latest,Technology,TECHNOLOGY
en,Technology,CAAqKggKIiRDQkFTRlFvSUwyMHZNRGRqTVhZU0JXVnVMVWRDR2dKSlRpZ0FQAQ,Mobile,CAQiZkNCQVNSZ29JTDIwdk1EZGpNWFlTQldWdUxVZENHZ0pKVGlJT0NBUWFDZ29JTDIwdk1EVXdhemdxSHdvZENobE5UMEpKVEVWZlVFaFBUa1ZmVTBWRFZFbFBUbDlPUVUxRklBRW9BQSouCAAqKggKIiRDQkFTRlFvSUwyMHZNRGRqTVhZU0JXVnVMVWRDR2dKSlRpZ0FQAVAB,MOBILE,mobile,Technology,TECHNOLOGY
en,Technology,CAAqKggKIiRDQkFTRlFvSUwyMHZNRGRqTVhZU0JXVnVMVWRDR2dKSlRpZ0FQAQ,Gadgets,CAQiX0NCQVNRUW9JTDIwdk1EZGpNWFlTQldWdUxVZENHZ0pKVGlJUENBUWFDd29KTDIwdk1ESnRaakZ1S2hrS0Z3b1RSMEZFUjBWVVgxTkZRMVJKVDA1ZlRrRk5SU0FCS0FBKi4IACoqCAoiJENCQVNGUW9JTDIwdk1EZGpNWFlTQldWdUxVZENHZ0pKVGlnQVABUAE,GADGETS,gadgets,Technology,TECHNOLOGY
en,Technology,CAAqKggKIiRDQkFTRlFvSUwyMHZNRGRqTVhZU0JXVnVMVWRDR2dKSlRpZ0FQAQ,Internet,CAQiSkNCQVNNUW9JTDIwdk1EZGpNWFlTQldWdUxVZENHZ0pKVGlJT0NBUWFDZ29JTDIwdk1ETnliSFFxQ2hJSUwyMHZNRE55YkhRb0FBKi4IACoqCAoiJENCQVNGUW9JTDIwdk1EZGpNWFlTQldWdUxVZENHZ0pKVGlnQVABUAE,INTERNET,internet,Technology,TECHNOLOGY
en,Technology,CAAqKggKIiRDQkFTRlFvSUwyMHZNRGRqTVhZU0JXVnVMVWRDR2dKSlRpZ0FQAQ,Virtual reality,CAQiSkNCQVNNUW9JTDIwdk1EZGpNWFlTQldWdUxVZENHZ0pKVGlJT0NBUWFDZ29JTDIwdk1EZGZibmtxQ2hJSUwyMHZNRGRmYm5rb0FBKi4IACoqCAoiJENCQVNGUW9JTDIwdk1EZGpNWFlTQldWdUxVZENHZ0pKVGlnQVABUAE,TECHNOLOGY,virtual reality,Technology,TECHNOLOGY
en,Technology,CAAqKggKIiRDQkFTRlFvSUwyMHZNRGRqTVhZU0JXVnVMVWRDR2dKSlRpZ0FQAQ,Artificial intelligence,CAQiR0NCQVNMd29JTDIwdk1EZGpNWFlTQldWdUxVZENHZ0pKVGlJTkNBUWFDUW9ITDIwdk1HMXJlaW9KRWdjdmJTOHdiV3Q2S0FBKi4IACoqCAoiJENCQVNGUW9JTDIwdk1EZGpNWFlTQldWdUxVZENHZ0pKVGlnQVABUAE,ARTIFICIAL INTELLIGENCE,artificial intelligence,Technology,TECHNOLOGY
en,Technology,CAAqKggKIiRDQkFTRlFvSUwyMHZNRGRqTVhZU0JXVnVMVWRDR2dKSlRpZ0FQAQ,Computing,CAQiSkNCQVNNUW9JTDIwdk1EZGpNWFlTQldWdUxVZENHZ0pKVGlJT0NBUWFDZ29JTDIwdk1ERnNjSE1xQ2hJSUwyMHZNREZzY0hNb0FBKi4IACoqCAoiJENCQVNGUW9JTDIwdk1EZGpNWFlTQldWdUxVZENHZ0pKVGlnQVABUAE,COMPUTING,computing,Technology,TECHNOLOGY
en,Entertainment,CAAqKggKIiRDQkFTRlFvSUwyMHZNREpxYW5RU0JXVnVMVWRDR2dKSlRpZ0FQAQ,Latest,CAQqLggAKioICiIkQ0JBU0ZRb0lMMjB2TURKcWFuUVNCV1Z1TFVkQ0dnSkpUaWdBUAE,LATEST,latest,Entertainment,ENTERTAINMENT
en,Entertainment,CAAqKggKIiRDQkFTRlFvSUwyMHZNREpxYW5RU0JXVnVMVWRDR2dKSlRpZ0FQAQ,Movies,CAQiXkNCQVNRQW9JTDIwdk1ESnFhblFTQldWdUxVZENHZ0pKVGlJT0NBUWFDZ29JTDIwdk1ESjJlRzRxR1FvWENoTk5UMVpKUlZOZlUwVkRWRWxQVGw5T1FVMUZJQUVvQUEqLggAKioICiIkQ0JBU0ZRb0lMMjB2TURKcWFuUVNCV1Z1TFVkQ0dnSkpUaWdBUAFQAQ,MOVIES,movies,Entertainment,ENTERTAINMENT
en,Entertainment,CAAqKggKIiRDQkFTRlFvSUwyMHZNREpxYW5RU0JXVnVMVWRDR2dKSlRpZ0FQAQ,Music,CAQiSkNCQVNNUW9JTDIwdk1ESnFhblFTQldWdUxVZENHZ0pKVGlJT0NBUWFDZ29JTDIwdk1EUnliR1lxQ2hJSUwyMHZNRFJ5YkdZb0FBKi4IACoqCAoiJENCQVNGUW9JTDIwdk1ESnFhblFTQldWdUxVZENHZ0pKVGlnQVABUAE,MUSIC,music,Entertainment,ENTERTAINMENT
en,Entertainment,CAAqKggKIiRDQkFTRlFvSUwyMHZNREpxYW5RU0JXVnVMVWRDR2dKSlRpZ0FQAQ,TV,CAQiSkNCQVNNUW9JTDIwdk1ESnFhblFTQldWdUxVZENHZ0pKVGlJT0NBUWFDZ29JTDIwdk1EZGpOVElxQ2hJSUwyMHZNRGRqTlRJb0FBKi4IACoqCAoiJENCQVNGUW9JTDIwdk1ESnFhblFTQldWdUxVZENHZ0pKVGlnQVABUAE,TV,tv,Entertainment,ENTERTAINMENT
en,Entertainment,CAAqKggKIiRDQkFTRlFvSUwyMHZNREpxYW5RU0JXVnVMVWRDR2dKSlRpZ0FQAQ,Books,CAQiXkNCQVNRQW9JTDIwdk1ESnFhblFTQldWdUxVZENHZ0pKVGlJUENBUWFDd29KTDIwdk1HSjBYMk16S2hnS0Znb1NRazlQUzFOZlUwVkRWRWxQVGw5T1FVMUZJQUVvQUEqLggAKioICiIkQ0JBU0ZRb0lMMjB2TURKcWFuUVNCV1Z1TFVkQ0dnSkpUaWdBUAFQAQ,BOOKS,books,Entertainment,ENTERTAINMENT
en,Entertainment,CAAqKggKIiRDQkFTRlFvSUwyMHZNREpxYW5RU0JXVnVMVWRDR2dKSlRpZ0FQAQ,Art,CAQiR0NCQVNMd29JTDIwdk1ESnFhblFTQldWdUxVZENHZ0pKVGlJTkNBUWFDUW9ITDIwdk1HcHFkeW9KRWdjdmJTOHdhbXAzS0FBKi4IACoqCAoiJENCQVNGUW9JTDIwdk1ESnFhblFTQldWdUxVZENHZ0pKVGlnQVABUAE,ART,art,Entertainment,ENTERTAINMENT
en,Entertainment,CAAqKggKIiRDQkFTRlFvSUwyMHZNREpxYW5RU0JXVnVMVWRDR2dKSlRpZ0FQAQ,Celebrities,CAQiSkNCQVNNUW9JTDIwdk1ESnFhblFTQldWdUxVZENHZ0pKVGlJT0NBUWFDZ29JTDIwdk1ERnlabm9xQ2hJSUwyMHZNREZ5Wm5vb0FBKi4IACoqCAoiJENCQVNGUW9JTDIwdk1ESnFhblFTQldWdUxVZENHZ0pKVGlnQVABUAE,CELEBRITIES,celebrities,Entertainment,ENTERTAINMENT
en,Sports,CAAqKggKIiRDQkFTRlFvSUwyMHZNRFp1ZEdvU0JXVnVMVWRDR2dKSlRpZ0FQAQ,Latest,CAQqLggAKioICiIkQ0JBU0ZRb0lMMjB2TURadWRHb1NCV1Z1TFVkQ0dnSkpUaWdBUAE,LATEST,latest,Sports,SPORTS
en,Sports,CAAqKggKIiRDQkFTRlFvSUwyMHZNRFp1ZEdvU0JXVnVMVWRDR2dKSlRpZ0FQAQ,Cricket,CAQiTENCQVNNd29JTDIwdk1EWnVkR29TQldWdUxVZENHZ0pKVGlJUENBUWFDd29KTDIwdk1ESTBibW94S2dzS0NSSUhRM0pwWTJ0bGRDZ0EqLggAKioICiIkQ0JBU0ZRb0lMMjB2TURadWRHb1NCV1Z1TFVkQ0dnSkpUaWdBUAFQAQ,CRICKET,cricket,Sports,SPORTS
en,Sports,CAAqKggKIiRDQkFTRlFvSUwyMHZNRFp1ZEdvU0JXVnVMVWRDR2dKSlRpZ0FQAQ,Hockey,CAQiTkNCQVNOQW9JTDIwdk1EWnVkR29TQldWdUxVZENHZ0pKVGlJUkNBUWFEUW9MTDIwdk1ERXhZbUk0TWpNcUNnb0lFZ1pJYjJOclpYa29BQSouCAAqKggKIiRDQkFTRlFvSUwyMHZNRFp1ZEdvU0JXVnVMVWRDR2dKSlRpZ0FQAVAB,HOCKEY,hockey,Sports,SPORTS
en,Sports,CAAqKggKIiRDQkFTRlFvSUwyMHZNRFp1ZEdvU0JXVnVMVWRDR2dKSlRpZ0FQAQ,Tennis,CAQiSkNCQVNNUW9JTDIwdk1EWnVkR29TQldWdUxVZENHZ0pKVGlJT0NBUWFDZ29JTDIwdk1EZGljekFxQ2dvSUVnWlVaVzV1YVhNb0FBKi4IACoqCAoiJENCQVNGUW9JTDIwdk1EWnVkR29TQldWdUxVZENHZ0pKVGlnQVABUAE,TENNIS,tennis,Sports,SPORTS
en,Sports,CAAqKggKIiRDQkFTRlFvSUwyMHZNRFp1ZEdvU0JXVnVMVWRDR2dKSlRpZ0FQAQ,Football,CAQiTENCQVNNd29JTDIwdk1EWnVkR29TQldWdUxVZENHZ0pKVGlJT0NBUWFDZ29JTDIwdk1ESjJlRFFxREFvS0VnaEdiMjkwWW1Gc2JDZ0EqLggAKioICiIkQ0JBU0ZRb0lMMjB2TURadWRHb1NCV1Z1TFVkQ0dnSkpUaWdBUAFQAQ,FOOTBALL,football,Sports,SPORTS
en,Sports,CAAqKggKIiRDQkFTRlFvSUwyMHZNRFp1ZEdvU0JXVnVMVWRDR2dKSlRpZ0FQAQ,Badminton,CAQiTkNCQVNOQW9JTDIwdk1EWnVkR29TQldWdUxVZENHZ0pKVGlJT0NBUWFDZ29JTDIwdk1ERTVOR1FxRFFvTEVnbENZV1J0YVc1MGIyNG9BQSouCAAqKggKIiRDQkFTRlFvSUwyMHZNRFp1ZEdvU0JXVnVMVWRDR2dKSlRpZ0FQAVAB,BADMINTON,badminton,Sports,SPORTS
en,Sports,CAAqKggKIiRDQkFTRlFvSUwyMHZNRFp1ZEdvU0JXVnVMVWRDR2dKSlRpZ0FQAQ,Kabbadi,CAQiS0NCQVNNZ29JTDIwdk1EWnVkR29TQldWdUxVZENHZ0pKVGlJT0NBUWFDZ29JTDIwdk1EUmlNSE1xQ3dvSkVnZExZV0ppWVdScEtBQSouCAAqKggKIiRDQkFTRlFvSUwyMHZNRFp1ZEdvU0JXVnVMVWRDR2dKSlRpZ0FQAVAB,KABBADI,kabbadi,Sports,SPORTS
en,Sports,CAAqKggKIiRDQkFTRlFvSUwyMHZNRFp1ZEdvU0JXVnVMVWRDR2dKSlRpZ0FQAQ,Women's Cricket,CAQiV0NCQVNPd29JTDIwdk1EWnVkR29TQldWdUxVZENHZ0pKVGlJUENBUWFDd29KTDIwdk1EY3diV3M0S2hNS0VSSVBWMjl0Wlc0bmN5QkRjbWxqYTJWMEtBQSouCAAqKggKIiRDQkFTRlFvSUwyMHZNRFp1ZEdvU0JXVnVMVWRDR2dKSlRpZ0FQAVAB,CRICKET,women's cricket,Sports,SPORTS
en,Sports,CAAqKggKIiRDQkFTRlFvSUwyMHZNRFp1ZEdvU0JXVnVMVWRDR2dKSlRpZ0FQAQ,Basketball,CAQiT0NCQVNOUW9JTDIwdk1EWnVkR29TQldWdUxVZENHZ0pKVGlJT0NBUWFDZ29JTDIwdk1ERTRkemdxRGdvTUVncENZWE5yWlhSaVlXeHNLQUEqLggAKioICiIkQ0JBU0ZRb0lMMjB2TURadWRHb1NCV1Z1TFVkQ0dnSkpUaWdBUAFQAQ,BASKETBALL,basketball,Sports,SPORTS
en,Sports,CAAqKggKIiRDQkFTRlFvSUwyMHZNRFp1ZEdvU0JXVnVMVWRDR2dKSlRpZ0FQAQ,F1 Racing,CAQiTkNCQVNOQW9JTDIwdk1EWnVkR29TQldWdUxVZENHZ0pKVGlJT0NBUWFDZ29JTDIwdk1ESjRlaklxRFFvTEVnbEdNU0JTWVdOcGJtY29BQSouCAAqKggKIiRDQkFTRlFvSUwyMHZNRFp1ZEdvU0JXVnVMVWRDR2dKSlRpZ0FQAVAB,F1,f1 racing,Sports,SPORTS
en,Science,CAAqKggKIiRDQkFTRlFvSUwyMHZNRFp0Y1RjU0JXVnVMVWRDR2dKSlRpZ0FQAQ,Latest,CAQqLggAKioICiIkQ0JBU0ZRb0lMMjB2TURadGNUY1NCV1Z1TFVkQ0dnSkpUaWdBUAE,LATEST,latest,Science,SCIENCE
en,Science,CAAqKggKIiRDQkFTRlFvSUwyMHZNRFp0Y1RjU0JXVnVMVWRDR2dKSlRpZ0FQAQ,Environment,CAQiT0NCQVNOUW9JTDIwdk1EWnRjVGNTQldWdUxVZENHZ0pKVGlJUUNBUWFEQW9LTDIwdk1EUTJOak15Y3lvTUVnb3ZiUzh3TkRZMk16SnpLQUEqLggAKioICiIkQ0JBU0ZRb0lMMjB2TURadGNUY1NCV1Z1TFVkQ0dnSkpUaWdBUAFQAQ,ENVIRONMENT,environment,Science,SCIENCE
en,Science,CAAqKggKIiRDQkFTRlFvSUwyMHZNRFp0Y1RjU0JXVnVMVWRDR2dKSlRpZ0FQAQ,Outer space,CAQiTENCQVNNd29JTDIwdk1EWnRjVGNTQldWdUxVZENHZ0pKVGlJUENBUWFDd29KTDIwdk1ERTRNek4zS2dzU0NTOXRMekF4T0RNemR5Z0EqLggAKioICiIkQ0JBU0ZRb0lMMjB2TURadGNUY1NCV1Z1TFVkQ0dnSkpUaWdBUAFQAQ,TECHNOLOGY,outer space,Science,SCIENCE
en,Science,CAAqKggKIiRDQkFTRlFvSUwyMHZNRFp0Y1RjU0JXVnVMVWRDR2dKSlRpZ0FQAQ,Physics,CAQiSkNCQVNNUW9JTDIwdk1EWnRjVGNTQldWdUxVZENHZ0pKVGlJT0NBUWFDZ29JTDIwdk1EVnhhblFxQ2hJSUwyMHZNRFZ4YW5Rb0FBKi4IACoqCAoiJENCQVNGUW9JTDIwdk1EWnRjVGNTQldWdUxVZENHZ0pKVGlnQVABUAE,PHYSICS,physics,Science,SCIENCE
en,Science,CAAqKggKIiRDQkFTRlFvSUwyMHZNRFp0Y1RjU0JXVnVMVWRDR2dKSlRpZ0FQAQ,Genetics,CAQiSkNCQVNNUW9JTDIwdk1EWnRjVGNTQldWdUxVZENHZ0pKVGlJT0NBUWFDZ29JTDIwdk1ETTJYeklxQ2hJSUwyMHZNRE0yWHpJb0FBKi4IACoqCAoiJENCQVNGUW9JTDIwdk1EWnRjVGNTQldWdUxVZENHZ0pKVGlnQVABUAE,GENETICS,genetics,Science,SCIENCE
en,Science,CAAqKggKIiRDQkFTRlFvSUwyMHZNRFp0Y1RjU0JXVnVMVWRDR2dKSlRpZ0FQAQ,Wildlife,CAQiTENCQVNNd29JTDIwdk1EWnRjVGNTQldWdUxVZENHZ0pKVGlJUENBUWFDd29KTDIwdk1ERXlPREJuS2dzU0NTOXRMekF4TWpnd1p5Z0EqLggAKioICiIkQ0JBU0ZRb0lMMjB2TURadGNUY1NCV1Z1TFVkQ0dnSkpUaWdBUAFQAQ,WILDLIFE,wildlife,Science,SCIENCE
en,Health,CAAqJQgKIh9DQkFTRVFvSUwyMHZNR3QwTlRFU0JXVnVMVWRDS0FBUAE,Latest,CAQqKQgAKiUICiIfQ0JBU0VRb0lMMjB2TUd0ME5URVNCV1Z1TFVkQ0tBQVAB,LATEST,latest,Health,HEALTH
en,Health,CAAqJQgKIh9DQkFTRVFvSUwyMHZNR3QwTlRFU0JXVnVMVWRDS0FBUAE,Medicine,CAQiRENCQVNMUW9JTDIwdk1HdDBOVEVTQldWdUxVZENJZzRJQkJvS0NnZ3ZiUzh3TkhOb015b0tFZ2d2YlM4d05ITm9NeWdBKikIAColCAoiH0NCQVNFUW9JTDIwdk1HdDBOVEVTQldWdUxVZENLQUFQAVAB,MEDICINE,medicine,Health,HEALTH
en,Health,CAAqJQgKIh9DQkFTRVFvSUwyMHZNR3QwTlRFU0JXVnVMVWRDS0FBUAE,Healthcare,CAQiR0NCQVNMd29JTDIwdk1HdDBOVEVTQldWdUxVZENJZzhJQkJvTENna3ZiUzh3TVcxM01uZ3FDeElKTDIwdk1ERnRkeko0S0FBKikIAColCAoiH0NCQVNFUW9JTDIwdk1HdDBOVEVTQldWdUxVZENLQUFQAVAB,HEALTHCARE,healthcare,Health,HEALTH
en,Health,CAAqJQgKIh9DQkFTRVFvSUwyMHZNR3QwTlRFU0JXVnVMVWRDS0FBUAE,Mental health,CAQiR0NCQVNMd29JTDIwdk1HdDBOVEVTQldWdUxVZENJZzhJQkJvTENna3ZiUzh3TTNnMk9XY3FDeElKTDIwdk1ETjROamxuS0FBKikIAColCAoiH0NCQVNFUW9JTDIwdk1HdDBOVEVTQldWdUxVZENLQUFQAVAB,HEALTH,mental health,Health,HEALTH
en,Health,CAAqJQgKIh9DQkFTRVFvSUwyMHZNR3QwTlRFU0JXVnVMVWRDS0FBUAE,Nutrition,CAQiRENCQVNMUW9JTDIwdk1HdDBOVEVTQldWdUxVZENJZzRJQkJvS0NnZ3ZiUzh3TldScVl5b0tFZ2d2YlM4d05XUnFZeWdBKikIAColCAoiH0NCQVNFUW9JTDIwdk1HdDBOVEVTQldWdUxVZENLQUFQAVAB,NUTRITION,nutrition,Health,HEALTH
en,Health,CAAqJQgKIh9DQkFTRVFvSUwyMHZNR3QwTlRFU0JXVnVMVWRDS0FBUAE,Fitness,CAQiW0NCQVNQZ29JTDIwdk1HdDBOVEVTQldWdUxVZENJZzhJQkJvTENna3ZiUzh3TWpkNE4yNHFHZ29ZQ2hSR1NWUk9SVk5UWDFORlExUkpUMDVmVGtGTlJTQUJLQUEqKQgAKiUICiIfQ0JBU0VRb0lMMjB2TUd0ME5URVNCV1Z1TFVkQ0tBQVABUAE,FITNESS,fitness,Health,HEALTH
gu,COVID-19,CAAqIggKIhxDQkFTRHdvSkwyMHZNREZqY0hsNUVnSm9hU2dBUAE,कोरोना वायरस,CAQqEAgAKgcICjDD3pgLMNPosAMwgd3RBg,COVID-19,corona virus,COVID-19,COVID-19
gu,COVID-19,CAAqIggKIhxDQkFTRHdvSkwyMHZNREZqY0hsNUVnSm9hU2dBUAE,स्थानीय,CAQiVkNCQVNPZ29KTDIwdk1ERmpjSGw1RWdKb2FTSUxDQXc2QndvRmJHOWpZV3dxSEFvYUNoWk1UME5CVEY5T1JWZFRYMFZZVUV4QlRrRlVTVTlPSUFFb0FBKiYIACoiCAoiHENCQVNEd29KTDIwdk1ERmpjSGw1RWdKb2FTZ0FQAVAB,NATION,local,COVID-19,COVID-19
gu,India,CAAqIQgKIhtDQkFTRGdvSUwyMHZNRE55YXpBU0FtaHBLQUFQAQ,,,,,India,NATION
gu,The world,CAAqJggKIiBDQkFTRWdvSUwyMHZNRGx1YlY4U0FtaHBHZ0pKVGlnQVAB,,,,,The world,WORLD
gu,Your local news,CAAqHAgKIhZDQklTQ2pvSWJHOWpZV3hmZGpJb0FBUAE,,,,,Your local news,NATION
gu,Business,CAAqJggKIiBDQkFTRWdvSUwyMHZNRGx6TVdZU0FtaHBHZ0pKVGlnQVAB,,,,,Business,BUSINESS
gu,Entertainment,CAAqJggKIiBDQkFTRWdvSUwyMHZNREpxYW5RU0FtaHBHZ0pKVGlnQVAB,ताज़ा खबरें,CAQqKggAKiYICiIgQ0JBU0Vnb0lMMjB2TURKcWFuUVNBbWhwR2dKSlRpZ0FQAQ,BREAKING NEWS,breaking news,Entertainment,ENTERTAINMENT
gu,Entertainment,CAAqJggKIiBDQkFTRWdvSUwyMHZNREpxYW5RU0FtaHBHZ0pKVGlnQVAB,फ़िल्में,CAQiWkNCQVNQUW9JTDIwdk1ESnFhblFTQW1ocEdnSkpUaUlPQ0FRYUNnb0lMMjB2TURKMmVHNHFHUW9YQ2hOTlQxWkpSVk5mVTBWRFZFbFBUbDlPUVUxRklBRW9BQSoqCAAqJggKIiBDQkFTRWdvSUwyMHZNREpxYW5RU0FtaHBHZ0pKVGlnQVABUAE,MOVIES,movies,Entertainment,ENTERTAINMENT
gu,Entertainment,CAAqJggKIiBDQkFTRWdvSUwyMHZNREpxYW5RU0FtaHBHZ0pKVGlnQVAB,संगीत,CAQiRkNCQVNMZ29JTDIwdk1ESnFhblFTQW1ocEdnSkpUaUlPQ0FRYUNnb0lMMjB2TURSeWJHWXFDaElJTDIwdk1EUnliR1lvQUEqKggAKiYICiIgQ0JBU0Vnb0lMMjB2TURKcWFuUVNBbWhwR2dKSlRpZ0FQAVAB,MUSIC,music,Entertainment,ENTERTAINMENT
gu,Entertainment,CAAqJggKIiBDQkFTRWdvSUwyMHZNREpxYW5RU0FtaHBHZ0pKVGlnQVAB,टीवी,CAQiRkNCQVNMZ29JTDIwdk1ESnFhblFTQW1ocEdnSkpUaUlPQ0FRYUNnb0lMMjB2TURkak5USXFDaElJTDIwdk1EZGpOVElvQUEqKggAKiYICiIgQ0JBU0Vnb0lMMjB2TURKcWFuUVNBbWhwR2dKSlRpZ0FQAVAB,TV,tv,Entertainment,ENTERTAINMENT
gu,Entertainment,CAAqJggKIiBDQkFTRWdvSUwyMHZNREpxYW5RU0FtaHBHZ0pKVGlnQVAB,किताबें,CAQiWkNCQVNQUW9JTDIwdk1ESnFhblFTQW1ocEdnSkpUaUlQQ0FRYUN3b0pMMjB2TUdKMFgyTXpLaGdLRmdvU1FrOVBTMU5mVTBWRFZFbFBUbDlPUVUxRklBRW9BQSoqCAAqJggKIiBDQkFTRWdvSUwyMHZNREpxYW5RU0FtaHBHZ0pKVGlnQVABUAE,BOOKS,books,Entertainment,ENTERTAINMENT
gu,Entertainment,CAAqJggKIiBDQkFTRWdvSUwyMHZNREpxYW5RU0FtaHBHZ0pKVGlnQVAB,कला,CAQiQ0NCQVNMQW9JTDIwdk1ESnFhblFTQW1ocEdnSkpUaUlOQ0FRYUNRb0hMMjB2TUdwcWR5b0pFZ2N2YlM4d2FtcDNLQUEqKggAKiYICiIgQ0JBU0Vnb0lMMjB2TURKcWFuUVNBbWhwR2dKSlRpZ0FQAVAB,ART,art,Entertainment,ENTERTAINMENT
gu,Entertainment,CAAqJggKIiBDQkFTRWdvSUwyMHZNREpxYW5RU0FtaHBHZ0pKVGlnQVAB,मशहूर लोग,CAQiRkNCQVNMZ29JTDIwdk1ESnFhblFTQW1ocEdnSkpUaUlPQ0FRYUNnb0lMMjB2TURGeVpub3FDaElJTDIwdk1ERnlabm9vQUEqKggAKiYICiIgQ0JBU0Vnb0lMMjB2TURKcWFuUVNBbWhwR2dKSlRpZ0FQAVAB,PEOPLE,famous people,Entertainment,ENTERTAINMENT
gu,Sports,CAAqJggKIiBDQkFTRWdvSUwyMHZNRFp1ZEdvU0FtaHBHZ0pKVGlnQVAB,ताज़ा खबरें,CAQqKggAKiYICiIgQ0JBU0Vnb0lMMjB2TURadWRHb1NBbWhwR2dKSlRpZ0FQAQ,BREAKING NEWS,breaking news,Sports,SPORTS
gu,Sports,CAAqJggKIiBDQkFTRWdvSUwyMHZNRFp1ZEdvU0FtaHBHZ0pKVGlnQVAB,क्रिकेट,CAQiW0NCQVNQZ29JTDIwdk1EWnVkR29TQW1ocEdnSkpUaUlQQ0FRYUN3b0pMMjB2TURJMGJtb3hLaGtLRnhJVjRLU1Y0S1dONEtTdzRLU180S1NWNEtXSDRLU2ZLQUEqKggAKiYICiIgQ0JBU0Vnb0lMMjB2TURadWRHb1NBbWhwR2dKSlRpZ0FQAVAB,CRICKET,cricket,Sports,SPORTS
gu,Sports,CAAqJggKIiBDQkFTRWdvSUwyMHZNRFp1ZEdvU0FtaHBHZ0pKVGlnQVAB,हॉकी,CAQiUkNCQVNOd29JTDIwdk1EWnVkR29TQW1ocEdnSkpUaUlSQ0FRYURRb0xMMjB2TURFeFltSTRNak1xRUFvT0VnemdwTG5ncFluZ3BKWGdwWUFvQUEqKggAKiYICiIgQ0JBU0Vnb0lMMjB2TURadWRHb1NBbWhwR2dKSlRpZ0FQAVAB,HOCKEY,hockey,Sports,SPORTS
gu,Sports,CAAqJggKIiBDQkFTRWdvSUwyMHZNRFp1ZEdvU0FtaHBHZ0pKVGlnQVAB,टेनिस,CAQiUkNCQVNOd29JTDIwdk1EWnVkR29TQW1ocEdnSkpUaUlPQ0FRYUNnb0lMMjB2TURkaWN6QXFFd29SRWdfZ3BKX2dwWWZncEtqZ3BMX2dwTGdvQUEqKggAKiYICiIgQ0JBU0Vnb0lMMjB2TURadWRHb1NBbWhwR2dKSlRpZ0FQAVAB,TENNIS,tennis,Sports,SPORTS
gu,Sports,CAAqJggKIiBDQkFTRWdvSUwyMHZNRFp1ZEdvU0FtaHBHZ0pKVGlnQVAB,फुटबॉल,CAQiVkNCQVNPZ29JTDIwdk1EWnVkR29TQW1ocEdnSkpUaUlPQ0FRYUNnb0lMMjB2TURKMmVEUXFGZ29VRWhMZ3BLdmdwWUhncEpfZ3BLemdwWW5ncExJb0FBKioIAComCAoiIENCQVNFZ29JTDIwdk1EWnVkR29TQW1ocEdnSkpUaWdBUAFQAQ,FOOTBALL,football,Sports,SPORTS
gu,Sports,CAAqJggKIiBDQkFTRWdvSUwyMHZNRFp1ZEdvU0FtaHBHZ0pKVGlnQVAB,बैडमिंटन,CAQiXkNCQVNRQW9JTDIwdk1EWnVkR29TQW1ocEdnSkpUaUlPQ0FRYUNnb0lMMjB2TURFNU5HUXFIQW9hRWhqZ3BLemdwWWpncEtIZ3BLN2dwTF9ncElMZ3BKX2dwS2dvQUEqKggAKiYICiIgQ0JBU0Vnb0lMMjB2TURadWRHb1NBbWhwR2dKSlRpZ0FQAVAB,BADMINTON,badminton,Sports,SPORTS
gu,Sports,CAAqJggKIiBDQkFTRWdvSUwyMHZNRFp1ZEdvU0FtaHBHZ0pKVGlnQVAB,कबड्डी,CAQiVkNCQVNPZ29JTDIwdk1EWnVkR29TQW1ocEdnSkpUaUlPQ0FRYUNnb0lMMjB2TURSaU1ITXFGZ29VRWhMZ3BKWGdwS3pncEtIZ3BZM2dwS0hncFlBb0FBKioIAComCAoiIENCQVNFZ29JTDIwdk1EWnVkR29TQW1ocEdnSkpUaWdBUAFQAQ,KABADDI,kabaddi,Sports,SPORTS
gu,Sports,CAAqJggKIiBDQkFTRWdvSUwyMHZNRFp1ZEdvU0FtaHBHZ0pKVGlnQVAB,महिला क्रिकेट,CAQicENCQVNUZ29JTDIwdk1EWnVkR29TQW1ocEdnSkpUaUlQQ0FRYUN3b0pMMjB2TURjd2JXczRLaWtLSnhJbDRLU3U0S1M1NEtTXzRLU3k0S1MtSU9Da2xlQ2xqZUNrc09Da3YtQ2tsZUNsaC1Da255Z0EqKggAKiYICiIgQ0JBU0Vnb0lMMjB2TURadWRHb1NBbWhwR2dKSlRpZ0FQAVAB,CRICKET,women's cricket,Sports,SPORTS
gu,Sports,CAAqJggKIiBDQkFTRWdvSUwyMHZNRFp1ZEdvU0FtaHBHZ0pKVGlnQVAB,F1 रेसिंग,CAQiWkNCQVNQUW9JTDIwdk1EWnVkR29TQW1ocEdnSkpUaUlPQ0FRYUNnb0lMMjB2TURKNGVqSXFHUW9YRWhWR01TRGdwTERncFlmZ3BMamdwTF9ncElMZ3BKY29BQSoqCAAqJggKIiBDQkFTRWdvSUwyMHZNRFp1ZEdvU0FtaHBHZ0pKVGlnQVABUAE,F1,f1 racing,Sports,SPORTS
hi,COVID-19,CAAqIggKIhxDQkFTRHdvSkwyMHZNREZqY0hsNUVnSm9hU2dBUAE,कोरोना वायरस,CAQqEAgAKgcICjDD3pgLMNPosAMwgd3RBg,COVID-19,corona virus,COVID-19,COVID-19
hi,COVID-19,CAAqIggKIhxDQkFTRHdvSkwyMHZNREZqY0hsNUVnSm9hU2dBUAE,स्थानीय,CAQiVkNCQVNPZ29KTDIwdk1ERmpjSGw1RWdKb2FTSUxDQXc2QndvRmJHOWpZV3dxSEFvYUNoWk1UME5CVEY5T1JWZFRYMFZZVUV4QlRrRlVTVTlPSUFFb0FBKiYIACoiCAoiHENCQVNEd29KTDIwdk1ERmpjSGw1RWdKb2FTZ0FQAVAB,NATION,local,COVID-19,COVID-19
hi,India,CAAqIQgKIhtDQkFTRGdvSUwyMHZNRE55YXpBU0FtaHBLQUFQAQ,,,,,India,NATION
hi,World,CAAqJggKIiBDQkFTRWdvSUwyMHZNRGx1YlY4U0FtaHBHZ0pKVGlnQVAB,,,,,World,WORLD
hi,your local news,CAAqHAgKIhZDQklTQ2pvSWJHOWpZV3hmZGpJb0FBUAE,,,,,your local news,NATION
hi,business,CAAqJggKIiBDQkFTRWdvSUwyMHZNRGx6TVdZU0FtaHBHZ0pKVGlnQVAB,,,,,business,BUSINESS
hi,Entertainment,CAAqJggKIiBDQkFTRWdvSUwyMHZNREpxYW5RU0FtaHBHZ0pKVGlnQVAB,ताज़ा खबरें,CAQqKggAKiYICiIgQ0JBU0Vnb0lMMjB2TURKcWFuUVNBbWhwR2dKSlRpZ0FQAQ,BREAKING NEWS,breaking news,Entertainment,ENTERTAINMENT
hi,Entertainment,CAAqJggKIiBDQkFTRWdvSUwyMHZNREpxYW5RU0FtaHBHZ0pKVGlnQVAB,फ़िल्में,CAQiWkNCQVNQUW9JTDIwdk1ESnFhblFTQW1ocEdnSkpUaUlPQ0FRYUNnb0lMMjB2TURKMmVHNHFHUW9YQ2hOTlQxWkpSVk5mVTBWRFZFbFBUbDlPUVUxRklBRW9BQSoqCAAqJggKIiBDQkFTRWdvSUwyMHZNREpxYW5RU0FtaHBHZ0pKVGlnQVABUAE,MOVIES,movies,Entertainment,ENTERTAINMENT
hi,Entertainment,CAAqJggKIiBDQkFTRWdvSUwyMHZNREpxYW5RU0FtaHBHZ0pKVGlnQVAB,संगीत,CAQiRkNCQVNMZ29JTDIwdk1ESnFhblFTQW1ocEdnSkpUaUlPQ0FRYUNnb0lMMjB2TURSeWJHWXFDaElJTDIwdk1EUnliR1lvQUEqKggAKiYICiIgQ0JBU0Vnb0lMMjB2TURKcWFuUVNBbWhwR2dKSlRpZ0FQAVAB,MUSIC,music,Entertainment,ENTERTAINMENT
hi,Entertainment,CAAqJggKIiBDQkFTRWdvSUwyMHZNREpxYW5RU0FtaHBHZ0pKVGlnQVAB,टीवी,CAQiRkNCQVNMZ29JTDIwdk1ESnFhblFTQW1ocEdnSkpUaUlPQ0FRYUNnb0lMMjB2TURkak5USXFDaElJTDIwdk1EZGpOVElvQUEqKggAKiYICiIgQ0JBU0Vnb0lMMjB2TURKcWFuUVNBbWhwR2dKSlRpZ0FQAVAB,TV,tv,Entertainment,ENTERTAINMENT
hi,Entertainment,CAAqJggKIiBDQkFTRWdvSUwyMHZNREpxYW5RU0FtaHBHZ0pKVGlnQVAB,किताबें,CAQiWkNCQVNQUW9JTDIwdk1ESnFhblFTQW1ocEdnSkpUaUlQQ0FRYUN3b0pMMjB2TUdKMFgyTXpLaGdLRmdvU1FrOVBTMU5mVTBWRFZFbFBUbDlPUVUxRklBRW9BQSoqCAAqJggKIiBDQkFTRWdvSUwyMHZNREpxYW5RU0FtaHBHZ0pKVGlnQVABUAE,BOOKS,books,Entertainment,ENTERTAINMENT
hi,Entertainment,CAAqJggKIiBDQkFTRWdvSUwyMHZNREpxYW5RU0FtaHBHZ0pKVGlnQVAB,कला,CAQiQ0NCQVNMQW9JTDIwdk1ESnFhblFTQW1ocEdnSkpUaUlOQ0FRYUNRb0hMMjB2TUdwcWR5b0pFZ2N2YlM4d2FtcDNLQUEqKggAKiYICiIgQ0JBU0Vnb0lMMjB2TURKcWFuUVNBbWhwR2dKSlRpZ0FQAVAB,ART,art,Entertainment,ENTERTAINMENT
hi,Entertainment,CAAqJggKIiBDQkFTRWdvSUwyMHZNREpxYW5RU0FtaHBHZ0pKVGlnQVAB,मशहूर लोग,CAQiRkNCQVNMZ29JTDIwdk1ESnFhblFTQW1ocEdnSkpUaUlPQ0FRYUNnb0lMMjB2TURGeVpub3FDaElJTDIwdk1ERnlabm9vQUEqKggAKiYICiIgQ0JBU0Vnb0lMMjB2TURKcWFuUVNBbWhwR2dKSlRpZ0FQAVAB,PEOPLE,famous people,Entertainment,ENTERTAINMENT
hi,Play,CAAqJggKIiBDQkFTRWdvSUwyMHZNRFp1ZEdvU0FtaHBHZ0pKVGlnQVAB,ताज़ा खबरें,CAQqKggAKiYICiIgQ0JBU0Vnb0lMMjB2TURadWRHb1NBbWhwR2dKSlRpZ0FQAQ,BREAKING NEWS,breaking news,Play,SPORTS
hi,Play,CAAqJggKIiBDQkFTRWdvSUwyMHZNRFp1ZEdvU0FtaHBHZ0pKVGlnQVAB,क्रिकेट,CAQiW0NCQVNQZ29JTDIwdk1EWnVkR29TQW1ocEdnSkpUaUlQQ0FRYUN3b0pMMjB2TURJMGJtb3hLaGtLRnhJVjRLU1Y0S1dONEtTdzRLU180S1NWNEtXSDRLU2ZLQUEqKggAKiYICiIgQ0JBU0Vnb0lMMjB2TURadWRHb1NBbWhwR2dKSlRpZ0FQAVAB,CRICKET,cricket,Play,SPORTS
hi,Play,CAAqJggKIiBDQkFTRWdvSUwyMHZNRFp1ZEdvU0FtaHBHZ0pKVGlnQVAB,हॉकी,CAQiUkNCQVNOd29JTDIwdk1EWnVkR29TQW1ocEdnSkpUaUlSQ0FRYURRb0xMMjB2TURFeFltSTRNak1xRUFvT0VnemdwTG5ncFluZ3BKWGdwWUFvQUEqKggAKiYICiIgQ0JBU0Vnb0lMMjB2TURadWRHb1NBbWhwR2dKSlRpZ0FQAVAB,HOCKEY,hockey,Play,SPORTS
hi,Play,CAAqJggKIiBDQkFTRWdvSUwyMHZNRFp1ZEdvU0FtaHBHZ0pKVGlnQVAB,टेनिस,CAQiUkNCQVNOd29JTDIwdk1EWnVkR29TQW1ocEdnSkpUaUlPQ0FRYUNnb0lMMjB2TURkaWN6QXFFd29SRWdfZ3BKX2dwWWZncEtqZ3BMX2dwTGdvQUEqKggAKiYICiIgQ0JBU0Vnb0lMMjB2TURadWRHb1NBbWhwR2dKSlRpZ0FQAVAB,TENNIS,tennis,Play,SPORTS
hi,Play,CAAqJggKIiBDQkFTRWdvSUwyMHZNRFp1ZEdvU0FtaHBHZ0pKVGlnQVAB,फुटबॉल,CAQiVkNCQVNPZ29JTDIwdk1EWnVkR29TQW1ocEdnSkpUaUlPQ0FRYUNnb0lMMjB2TURKMmVEUXFGZ29VRWhMZ3BLdmdwWUhncEpfZ3BLemdwWW5ncExJb0FBKioIAComCAoiIENCQVNFZ29JTDIwdk1EWnVkR29TQW1ocEdnSkpUaWdBUAFQAQ,FOOTBALL,football,Play,SPORTS
hi,Play,CAAqJggKIiBDQkFTRWdvSUwyMHZNRFp1ZEdvU0FtaHBHZ0pKVGlnQVAB,बैडमिंटन,CAQiXkNCQVNRQW9JTDIwdk1EWnVkR29TQW1ocEdnSkpUaUlPQ0FRYUNnb0lMMjB2TURFNU5HUXFIQW9hRWhqZ3BLemdwWWpncEtIZ3BLN2dwTF9ncElMZ3BKX2dwS2dvQUEqKggAKiYICiIgQ0JBU0Vnb0lMMjB2TURadWRHb1NBbWhwR2dKSlRpZ0FQAVAB,BADMINTON,badminton,Play,SPORTS
hi,Play,CAAqJggKIiBDQkFTRWdvSUwyMHZNRFp1ZEdvU0FtaHBHZ0pKVGlnQVAB,कबड्डी,CAQiVkNCQVNPZ29JTDIwdk1EWnVkR29TQW1ocEdnSkpUaUlPQ0FRYUNnb0lMMjB2TURSaU1ITXFGZ29VRWhMZ3BKWGdwS3pncEtIZ3BZM2dwS0hncFlBb0FBKioIAComCAoiIENCQVNFZ29JTDIwdk1EWnVkR29TQW1ocEdnSkpUaWdBUAFQAQ,KABADDI,kabaddi,Play,SPORTS
hi,Play,CAAqJggKIiBDQkFTRWdvSUwyMHZNRFp1ZEdvU0FtaHBHZ0pKVGlnQVAB,महिला क्रिकेट,CAQicENCQVNUZ29JTDIwdk1EWnVkR29TQW1ocEdnSkpUaUlQQ0FRYUN3b0pMMjB2TURjd2JXczRLaWtLSnhJbDRLU3U0S1M1NEtTXzRLU3k0S1MtSU9Da2xlQ2xqZUNrc09Da3YtQ2tsZUNsaC1Da255Z0EqKggAKiYICiIgQ0JBU0Vnb0lMMjB2TURadWRHb1NBbWhwR2dKSlRpZ0FQAVAB,CRICKET,women's cricket,Play,SPORTS
hi,Play,CAAqJggKIiBDQkFTRWdvSUwyMHZNRFp1ZEdvU0FtaHBHZ0pKVGlnQVAB,F1 रेसिंग,CAQiWkNCQVNQUW9JTDIwdk1EWnVkR29TQW1ocEdnSkpUaUlPQ0FRYUNnb0lMMjB2TURKNGVqSXFHUW9YRWhWR01TRGdwTERncFlmZ3BMamdwTF9ncElMZ3BKY29BQSoqCAAqJggKIiBDQkFTRWdvSUwyMHZNRFp1ZEdvU0FtaHBHZ0pKVGlnQVABUAE,F1,f1 racing,Play,SPORTS
kn,COVID-19,CAAqIggKIhxDQkFTRHdvSkwyMHZNREZqY0hsNUVnSm9hU2dBUAE,कोरोना वायरस,CAQqEAgAKgcICjDD3pgLMNPosAMwgd3RBg,COVID-19,corona virus,COVID-19,COVID-19
kn,COVID-19,CAAqIggKIhxDQkFTRHdvSkwyMHZNREZqY0hsNUVnSm9hU2dBUAE,स्थानीय,CAQiVkNCQVNPZ29KTDIwdk1ERmpjSGw1RWdKb2FTSUxDQXc2QndvRmJHOWpZV3dxSEFvYUNoWk1UME5CVEY5T1JWZFRYMFZZVUV4QlRrRlVTVTlPSUFFb0FBKiYIACoiCAoiHENCQVNEd29KTDIwdk1ERmpjSGw1RWdKb2FTZ0FQAVAB,NATION,local,COVID-19,COVID-19
kn,भारत,CAAqIQgKIhtDQkFTRGdvSUwyMHZNRE55YXpBU0FtaHBLQUFQAQ,,,,,India,NATION
kn,दुनिया,CAAqJggKIiBDQkFTRWdvSUwyMHZNRGx1YlY4U0FtaHBHZ0pKVGlnQVAB,,,,,World,WORLD
kn,आपकी स्थानीय खबरें,CAAqHAgKIhZDQklTQ2pvSWJHOWpZV3hmZGpJb0FBUAE,,,,,your local news,NATION
kn,कारोबार,CAAqJggKIiBDQkFTRWdvSUwyMHZNRGx6TVdZU0FtaHBHZ0pKVGlnQVAB,,,,,business,BUSINESS
kn,मनोरंजन,CAAqJggKIiBDQkFTRWdvSUwyMHZNREpxYW5RU0FtaHBHZ0pKVGlnQVAB,ताज़ा खबरें,CAQqKggAKiYICiIgQ0JBU0Vnb0lMMjB2TURKcWFuUVNBbWhwR2dKSlRpZ0FQAQ,BREAKING NEWS,breaking news,Entertainment,ENTERTAINMENT
kn,मनोरंजन,CAAqJggKIiBDQkFTRWdvSUwyMHZNREpxYW5RU0FtaHBHZ0pKVGlnQVAB,फ़िल्में,CAQiWkNCQVNQUW9JTDIwdk1ESnFhblFTQW1ocEdnSkpUaUlPQ0FRYUNnb0lMMjB2TURKMmVHNHFHUW9YQ2hOTlQxWkpSVk5mVTBWRFZFbFBUbDlPUVUxRklBRW9BQSoqCAAqJggKIiBDQkFTRWdvSUwyMHZNREpxYW5RU0FtaHBHZ0pKVGlnQVABUAE,MOVIES,movies,Entertainment,ENTERTAINMENT
kn,मनोरंजन,CAAqJggKIiBDQkFTRWdvSUwyMHZNREpxYW5RU0FtaHBHZ0pKVGlnQVAB,संगीत,CAQiRkNCQVNMZ29JTDIwdk1ESnFhblFTQW1ocEdnSkpUaUlPQ0FRYUNnb0lMMjB2TURSeWJHWXFDaElJTDIwdk1EUnliR1lvQUEqKggAKiYICiIgQ0JBU0Vnb0lMMjB2TURKcWFuUVNBbWhwR2dKSlRpZ0FQAVAB,MUSIC,music,Entertainment,ENTERTAINMENT
kn,मनोरंजन,CAAqJggKIiBDQkFTRWdvSUwyMHZNREpxYW5RU0FtaHBHZ0pKVGlnQVAB,टीवी,CAQiRkNCQVNMZ29JTDIwdk1ESnFhblFTQW1ocEdnSkpUaUlPQ0FRYUNnb0lMMjB2TURkak5USXFDaElJTDIwdk1EZGpOVElvQUEqKggAKiYICiIgQ0JBU0Vnb0lMMjB2TURKcWFuUVNBbWhwR2dKSlRpZ0FQAVAB,TV,tv,Entertainment,ENTERTAINMENT
kn,मनोरंजन,CAAqJggKIiBDQkFTRWdvSUwyMHZNREpxYW5RU0FtaHBHZ0pKVGlnQVAB,किताबें,CAQiWkNCQVNQUW9JTDIwdk1ESnFhblFTQW1ocEdnSkpUaUlQQ0FRYUN3b0pMMjB2TUdKMFgyTXpLaGdLRmdvU1FrOVBTMU5mVTBWRFZFbFBUbDlPUVUxRklBRW9BQSoqCAAqJggKIiBDQkFTRWdvSUwyMHZNREpxYW5RU0FtaHBHZ0pKVGlnQVABUAE,BOOKS,books,Entertainment,ENTERTAINMENT
kn,मनोरंजन,CAAqJggKIiBDQkFTRWdvSUwyMHZNREpxYW5RU0FtaHBHZ0pKVGlnQVAB,कला,CAQiQ0NCQVNMQW9JTDIwdk1ESnFhblFTQW1ocEdnSkpUaUlOQ0FRYUNRb0hMMjB2TUdwcWR5b0pFZ2N2YlM4d2FtcDNLQUEqKggAKiYICiIgQ0JBU0Vnb0lMMjB2TURKcWFuUVNBbWhwR2dKSlRpZ0FQAVAB,ART,art,Entertainment,ENTERTAINMENT
kn,मनोरंजन,CAAqJggKIiBDQkFTRWdvSUwyMHZNREpxYW5RU0FtaHBHZ0pKVGlnQVAB,मशहूर लोग,CAQiRkNCQVNMZ29JTDIwdk1ESnFhblFTQW1ocEdnSkpUaUlPQ0FRYUNnb0lMMjB2TURGeVpub3FDaElJTDIwdk1ERnlabm9vQUEqKggAKiYICiIgQ0JBU0Vnb0lMMjB2TURKcWFuUVNBbWhwR2dKSlRpZ0FQAVAB,PEOPLE,famous people,Entertainment,ENTERTAINMENT
kn,खेल,CAAqJggKIiBDQkFTRWdvSUwyMHZNRFp1ZEdvU0FtaHBHZ0pKVGlnQVAB,ताज़ा खबरें,CAQqKggAKiYICiIgQ0JBU0Vnb0lMMjB2TURadWRHb1NBbWhwR2dKSlRpZ0FQAQ,BREAKING NEWS,breaking news,Play,SPORTS
kn,खेल,CAAqJggKIiBDQkFTRWdvSUwyMHZNRFp1ZEdvU0FtaHBHZ0pKVGlnQVAB,क्रिकेट,CAQiW0NCQVNQZ29JTDIwdk1EWnVkR29TQW1ocEdnSkpUaUlQQ0FRYUN3b0pMMjB2TURJMGJtb3hLaGtLRnhJVjRLU1Y0S1dONEtTdzRLU180S1NWNEtXSDRLU2ZLQUEqKggAKiYICiIgQ0JBU0Vnb0lMMjB2TURadWRHb1NBbWhwR2dKSlRpZ0FQAVAB,CRICKET,cricket,Play,SPORTS
kn,खेल,CAAqJggKIiBDQkFTRWdvSUwyMHZNRFp1ZEdvU0FtaHBHZ0pKVGlnQVAB,हॉकी,CAQiUkNCQVNOd29JTDIwdk1EWnVkR29TQW1ocEdnSkpUaUlSQ0FRYURRb0xMMjB2TURFeFltSTRNak1xRUFvT0VnemdwTG5ncFluZ3BKWGdwWUFvQUEqKggAKiYICiIgQ0JBU0Vnb0lMMjB2TURadWRHb1NBbWhwR2dKSlRpZ0FQAVAB,HOCKEY,hockey,Play,SPORTS
kn,खेल,CAAqJggKIiBDQkFTRWdvSUwyMHZNRFp1ZEdvU0FtaHBHZ0pKVGlnQVAB,टेनिस,CAQiUkNCQVNOd29JTDIwdk1EWnVkR29TQW1ocEdnSkpUaUlPQ0FRYUNnb0lMMjB2TURkaWN6QXFFd29SRWdfZ3BKX2dwWWZncEtqZ3BMX2dwTGdvQUEqKggAKiYICiIgQ0JBU0Vnb0lMMjB2TURadWRHb1NBbWhwR2dKSlRpZ0FQAVAB,TENNIS,tennis,Play,SPORTS
kn,खेल,CAAqJggKIiBDQkFTRWdvSUwyMHZNRFp1ZEdvU0FtaHBHZ0pKVGlnQVAB,फुटबॉल,CAQiVkNCQVNPZ29JTDIwdk1EWnVkR29TQW1ocEdnSkpUaUlPQ0FRYUNnb0lMMjB2TURKMmVEUXFGZ29VRWhMZ3BLdmdwWUhncEpfZ3BLemdwWW5ncExJb0FBKioIAComCAoiIENCQVNFZ29JTDIwdk1EWnVkR29TQW1ocEdnSkpUaWdBUAFQAQ,FOOTBALL,football,Play,SPORTS
kn,खेल,CAAqJggKIiBDQkFTRWdvSUwyMHZNRFp1ZEdvU0FtaHBHZ0pKVGlnQVAB,बैडमिंटन,CAQiXkNCQVNRQW9JTDIwdk1EWnVkR29TQW1ocEdnSkpUaUlPQ0FRYUNnb0lMMjB2TURFNU5HUXFIQW9hRWhqZ3BLemdwWWpncEtIZ3BLN2dwTF9ncElMZ3BKX2dwS2dvQUEqKggAKiYICiIgQ0JBU0Vnb0lMMjB2TURadWRHb1NBbWhwR2dKSlRpZ0FQAVAB,BADMINTON,badminton,Play,SPORTS
kn,खेल,CAAqJggKIiBDQkFTRWdvSUwyMHZNRFp1ZEdvU0FtaHBHZ0pKVGlnQVAB,कबड्डी,CAQiVkNCQVNPZ29JTDIwdk1EWnVkR29TQW1ocEdnSkpUaUlPQ0FRYUNnb0lMMjB2TURSaU1ITXFGZ29VRWhMZ3BKWGdwS3pncEtIZ3BZM2dwS0hncFlBb0FBKioIAComCAoiIENCQVNFZ29JTDIwdk1EWnVkR29TQW1ocEdnSkpUaWdBUAFQAQ,KABADDI,kabaddi,Play,SPORTS
kn,खेल,CAAqJggKIiBDQkFTRWdvSUwyMHZNRFp1ZEdvU0FtaHBHZ0pKVGlnQVAB,महिला क्रिकेट,CAQicENCQVNUZ29JTDIwdk1EWnVkR29TQW1ocEdnSkpUaUlQQ0FRYUN3b0pMMjB2TURjd2JXczRLaWtLSnhJbDRLU3U0S1M1NEtTXzRLU3k0S1MtSU9Da2xlQ2xqZUNrc09Da3YtQ2tsZUNsaC1Da255Z0EqKggAKiYICiIgQ0JBU0Vnb0lMMjB2TURadWRHb1NBbWhwR2dKSlRpZ0FQAVAB,CRICKET,women's cricket,Play,SPORTS
kn,खेल,CAAqJggKIiBDQkFTRWdvSUwyMHZNRFp1ZEdvU0FtaHBHZ0pKVGlnQVAB,F1 रेसिंग,CAQiWkNCQVNQUW9JTDIwdk1EWnVkR29TQW1ocEdnSkpUaUlPQ0FRYUNnb0lMMjB2TURKNGVqSXFHUW9YRWhWR01TRGdwTERncFlmZ3BMamdwTF9ncElMZ3BKY29BQSoqCAAqJggKIiBDQkFTRWdvSUwyMHZNRFp1ZEdvU0FtaHBHZ0pKVGlnQVABUAE,F1,f1 racing,Play,SPORTS
ml,India,CAAqIQgKIhtDQkFTRGdvSUwyMHZNRE55YXpBU0FtMXNLQUFQAQ,,,,,India,NATION
ml,The world,CAAqJggKIiBDQkFTRWdvSUwyMHZNRGx1YlY4U0FtMXNHZ0pKVGlnQVAB,,,,,The world,WORLD
ml,Your local news,CAAqHAgKIhZDQklTQ2pvSWJHOWpZV3hmZGpJb0FBUAE,,,,,Your local news,NATION
ml,Entertainment,CAAqJggKIiBDQkFTRWdvSUwyMHZNREpxYW5RU0FtMXNHZ0pKVGlnQVAB,ഏറ്റവും പുതിയത്,CAQqKggAKiYICiIgQ0JBU0Vnb0lMMjB2TURKcWFuUVNBbTFzR2dKSlRpZ0FQAQ,THE LATEST,the latest,Entertainment,ENTERTAINMENT
ml,Entertainment,CAAqJggKIiBDQkFTRWdvSUwyMHZNREpxYW5RU0FtMXNHZ0pKVGlnQVAB,സിനിമകൾ,CAQiWkNCQVNQUW9JTDIwdk1ESnFhblFTQW0xc0dnSkpUaUlPQ0FRYUNnb0lMMjB2TURKMmVHNHFHUW9YQ2hOTlQxWkpSVk5mVTBWRFZFbFBUbDlPUVUxRklBRW9BQSoqCAAqJggKIiBDQkFTRWdvSUwyMHZNREpxYW5RU0FtMXNHZ0pKVGlnQVABUAE,MOVIES,movies,Entertainment,ENTERTAINMENT
ml,Entertainment,CAAqJggKIiBDQkFTRWdvSUwyMHZNREpxYW5RU0FtMXNHZ0pKVGlnQVAB,സംഗീതം,CAQiRkNCQVNMZ29JTDIwdk1ESnFhblFTQW0xc0dnSkpUaUlPQ0FRYUNnb0lMMjB2TURSeWJHWXFDaElJTDIwdk1EUnliR1lvQUEqKggAKiYICiIgQ0JBU0Vnb0lMMjB2TURKcWFuUVNBbTFzR2dKSlRpZ0FQAVAB,MUSIC,music,Entertainment,ENTERTAINMENT
ml,Entertainment,CAAqJggKIiBDQkFTRWdvSUwyMHZNREpxYW5RU0FtMXNHZ0pKVGlnQVAB,ടിവി,CAQiRkNCQVNMZ29JTDIwdk1ESnFhblFTQW0xc0dnSkpUaUlPQ0FRYUNnb0lMMjB2TURkak5USXFDaElJTDIwdk1EZGpOVElvQUEqKggAKiYICiIgQ0JBU0Vnb0lMMjB2TURKcWFuUVNBbTFzR2dKSlRpZ0FQAVAB,TV,tv,Entertainment,ENTERTAINMENT
ml,Entertainment,CAAqJggKIiBDQkFTRWdvSUwyMHZNREpxYW5RU0FtMXNHZ0pKVGlnQVAB,പുസ്‌തകങ്ങൾ,CAQiWkNCQVNQUW9JTDIwdk1ESnFhblFTQW0xc0dnSkpUaUlQQ0FRYUN3b0pMMjB2TUdKMFgyTXpLaGdLRmdvU1FrOVBTMU5mVTBWRFZFbFBUbDlPUVUxRklBRW9BQSoqCAAqJggKIiBDQkFTRWdvSUwyMHZNREpxYW5RU0FtMXNHZ0pKVGlnQVABUAE,BOOKS,books,Entertainment,ENTERTAINMENT
ml,Entertainment,CAAqJggKIiBDQkFTRWdvSUwyMHZNREpxYW5RU0FtMXNHZ0pKVGlnQVAB,കല,CAQiQ0NCQVNMQW9JTDIwdk1ESnFhblFTQW0xc0dnSkpUaUlOQ0FRYUNRb0hMMjB2TUdwcWR5b0pFZ2N2YlM4d2FtcDNLQUEqKggAKiYICiIgQ0JBU0Vnb0lMMjB2TURKcWFuUVNBbTFzR2dKSlRpZ0FQAVAB,ART,art,Entertainment,ENTERTAINMENT
ml,Entertainment,CAAqJggKIiBDQkFTRWdvSUwyMHZNREpxYW5RU0FtMXNHZ0pKVGlnQVAB,പ്രശസ്‌തര്‍,CAQiRkNCQVNMZ29JTDIwdk1ESnFhblFTQW0xc0dnSkpUaUlPQ0FRYUNnb0lMMjB2TURGeVpub3FDaElJTDIwdk1ERnlabm9vQUEqKggAKiYICiIgQ0JBU0Vnb0lMMjB2TURKcWFuUVNBbTFzR2dKSlRpZ0FQAVAB,CELEBRITIES,celebrities,Entertainment,ENTERTAINMENT
ml,Sports,CAAqJggKIiBDQkFTRWdvSUwyMHZNRFp1ZEdvU0FtMXNHZ0pKVGlnQVAB,,,,,Sports,SPORTS
ta,India,CAAqIQgKIhtDQkFTRGdvSUwyMHZNRE55YXpBU0FuUmhLQUFQAQ,,,,,India,NATION
ta,The world,CAAqJggKIiBDQkFTRWdvSUwyMHZNRGx1YlY4U0FuUmhHZ0pKVGlnQVAB,,,,,The world,WORLD
ta,Local news for you,CAAqHAgKIhZDQklTQ2pvSWJHOWpZV3hmZGpJb0FBUAE,,,,,Local news for you,NATION
ta,Business,CAAqJggKIiBDQkFTRWdvSUwyMHZNRGx6TVdZU0FuUmhHZ0pKVGlnQVAB,,,,,Business,BUSINESS
ta,Entertainment,CAAqJggKIiBDQkFTRWdvSUwyMHZNREpxYW5RU0FuUmhHZ0pKVGlnQVAB,சமீபத்திய,CAQqKggAKiYICiIgQ0JBU0Vnb0lMMjB2TURKcWFuUVNBblJoR2dKSlRpZ0FQAQ,RECENT,recent,Entertainment,ENTERTAINMENT
ta,Entertainment,CAAqJggKIiBDQkFTRWdvSUwyMHZNREpxYW5RU0FuUmhHZ0pKVGlnQVAB,மூவிகள்,CAQiWkNCQVNQUW9JTDIwdk1ESnFhblFTQW5SaEdnSkpUaUlPQ0FRYUNnb0lMMjB2TURKMmVHNHFHUW9YQ2hOTlQxWkpSVk5mVTBWRFZFbFBUbDlPUVUxRklBRW9BQSoqCAAqJggKIiBDQkFTRWdvSUwyMHZNREpxYW5RU0FuUmhHZ0pKVGlnQVABUAE,MOVIES,movies,Entertainment,ENTERTAINMENT
ta,Entertainment,CAAqJggKIiBDQkFTRWdvSUwyMHZNREpxYW5RU0FuUmhHZ0pKVGlnQVAB,இசை,CAQiRkNCQVNMZ29JTDIwdk1ESnFhblFTQW5SaEdnSkpUaUlPQ0FRYUNnb0lMMjB2TURSeWJHWXFDaElJTDIwdk1EUnliR1lvQUEqKggAKiYICiIgQ0JBU0Vnb0lMMjB2TURKcWFuUVNBblJoR2dKSlRpZ0FQAVAB,MUSIC,music,Entertainment,ENTERTAINMENT
ta,Entertainment,CAAqJggKIiBDQkFTRWdvSUwyMHZNREpxYW5RU0FuUmhHZ0pKVGlnQVAB,டிவி,CAQiRkNCQVNMZ29JTDIwdk1ESnFhblFTQW5SaEdnSkpUaUlPQ0FRYUNnb0lMMjB2TURkak5USXFDaElJTDIwdk1EZGpOVElvQUEqKggAKiYICiIgQ0JBU0Vnb0lMMjB2TURKcWFuUVNBblJoR2dKSlRpZ0FQAVAB,TV,tv,Entertainment,ENTERTAINMENT
ta,Entertainment,CAAqJggKIiBDQkFTRWdvSUwyMHZNREpxYW5RU0FuUmhHZ0pKVGlnQVAB,Books,CAQiWkNCQVNQUW9JTDIwdk1ESnFhblFTQW5SaEdnSkpUaUlQQ0FRYUN3b0pMMjB2TUdKMFgyTXpLaGdLRmdvU1FrOVBTMU5mVTBWRFZFbFBUbDlPUVUxRklBRW9BQSoqCAAqJggKIiBDQkFTRWdvSUwyMHZNREpxYW5RU0FuUmhHZ0pKVGlnQVABUAE,BOOKS,books,Entertainment,ENTERTAINMENT
ta,Entertainment,CAAqJggKIiBDQkFTRWdvSUwyMHZNREpxYW5RU0FuUmhHZ0pKVGlnQVAB,கலை,CAQiQ0NCQVNMQW9JTDIwdk1ESnFhblFTQW5SaEdnSkpUaUlOQ0FRYUNRb0hMMjB2TUdwcWR5b0pFZ2N2YlM4d2FtcDNLQUEqKggAKiYICiIgQ0JBU0Vnb0lMMjB2TURKcWFuUVNBblJoR2dKSlRpZ0FQAVAB,ART,art,Entertainment,ENTERTAINMENT
ta,Entertainment,CAAqJggKIiBDQkFTRWdvSUwyMHZNREpxYW5RU0FuUmhHZ0pKVGlnQVAB,பிரபலங்கள்,CAQiRkNCQVNMZ29JTDIwdk1ESnFhblFTQW5SaEdnSkpUaUlPQ0FRYUNnb0lMMjB2TURGeVpub3FDaElJTDIwdk1ERnlabm9vQUEqKggAKiYICiIgQ0JBU0Vnb0lMMjB2TURKcWFuUVNBblJoR2dKSlRpZ0FQAVAB,CELEBRITIES,celebrities,Entertainment,ENTERTAINMENT
ta,Sports,CAAqJggKIiBDQkFTRWdvSUwyMHZNRFp1ZEdvU0FuUmhHZ0pKVGlnQVAB,,,,,Sports,SPORTS
te,India,CAAqIQgKIhtDQkFTRGdvSUwyMHZNRE55YXpBU0FuUmxLQUFQAQ,,,,,India,NATION
te,The world,CAAqJggKIiBDQkFTRWdvSUwyMHZNRGx1YlY4U0FuUmxHZ0pKVGlnQVAB,,,,,The world,WORLD
te,Your local news,CAAqHAgKIhZDQklTQ2pvSWJHOWpZV3hmZGpJb0FBUAE,,,,,Your local news,NATION
te,Entertainment,CAAqJggKIiBDQkFTRWdvSUwyMHZNREpxYW5RU0FuUmxHZ0pKVGlnQVAB,తాజా,CAQqKggAKiYICiIgQ0JBU0Vnb0lMMjB2TURKcWFuUVNBblJsR2dKSlRpZ0FQAQ,FRESH,fresh,Entertainment,ENTERTAINMENT
te,Entertainment,CAAqJggKIiBDQkFTRWdvSUwyMHZNREpxYW5RU0FuUmxHZ0pKVGlnQVAB,చలన చిత్రాలు,CAQiWkNCQVNQUW9JTDIwdk1ESnFhblFTQW5SbEdnSkpUaUlPQ0FRYUNnb0lMMjB2TURKMmVHNHFHUW9YQ2hOTlQxWkpSVk5mVTBWRFZFbFBUbDlPUVUxRklBRW9BQSoqCAAqJggKIiBDQkFTRWdvSUwyMHZNREpxYW5RU0FuUmxHZ0pKVGlnQVABUAE,MOVIES,movies,Entertainment,ENTERTAINMENT
te,Entertainment,CAAqJggKIiBDQkFTRWdvSUwyMHZNREpxYW5RU0FuUmxHZ0pKVGlnQVAB,సంగీతం,CAQiRkNCQVNMZ29JTDIwdk1ESnFhblFTQW5SbEdnSkpUaUlPQ0FRYUNnb0lMMjB2TURSeWJHWXFDaElJTDIwdk1EUnliR1lvQUEqKggAKiYICiIgQ0JBU0Vnb0lMMjB2TURKcWFuUVNBblJsR2dKSlRpZ0FQAVAB,MUSIC,music,Entertainment,ENTERTAINMENT
te,Entertainment,CAAqJggKIiBDQkFTRWdvSUwyMHZNREpxYW5RU0FuUmxHZ0pKVGlnQVAB,టీవీ,CAQiRkNCQVNMZ29JTDIwdk1ESnFhblFTQW5SbEdnSkpUaUlPQ0FRYUNnb0lMMjB2TURkak5USXFDaElJTDIwdk1EZGpOVElvQUEqKggAKiYICiIgQ0JBU0Vnb0lMMjB2TURKcWFuUVNBblJsR2dKSlRpZ0FQAVAB,TV,tv,Entertainment,ENTERTAINMENT
te,Entertainment,CAAqJggKIiBDQkFTRWdvSUwyMHZNREpxYW5RU0FuUmxHZ0pKVGlnQVAB,పుస్తకాలు,CAQiWkNCQVNQUW9JTDIwdk1ESnFhblFTQW5SbEdnSkpUaUlQQ0FRYUN3b0pMMjB2TUdKMFgyTXpLaGdLRmdvU1FrOVBTMU5mVTBWRFZFbFBUbDlPUVUxRklBRW9BQSoqCAAqJggKIiBDQkFTRWdvSUwyMHZNREpxYW5RU0FuUmxHZ0pKVGlnQVABUAE,BOOKS,books,Entertainment,ENTERTAINMENT
te,Entertainment,CAAqJggKIiBDQkFTRWdvSUwyMHZNREpxYW5RU0FuUmxHZ0pKVGlnQVAB,కళ,CAQiQ0NCQVNMQW9JTDIwdk1ESnFhblFTQW5SbEdnSkpUaUlOQ0FRYUNRb0hMMjB2TUdwcWR5b0pFZ2N2YlM4d2FtcDNLQUEqKggAKiYICiIgQ0JBU0Vnb0lMMjB2TURKcWFuUVNBblJsR2dKSlRpZ0FQAVAB,ART,art,Entertainment,ENTERTAINMENT
te,Entertainment,CAAqJggKIiBDQkFTRWdvSUwyMHZNREpxYW5RU0FuUmxHZ0pKVGlnQVAB,ప్రసిద్ధి చెందిన వ్యక్తులు,CAQiRkNCQVNMZ29JTDIwdk1ESnFhblFTQW5SbEdnSkpUaUlPQ0FRYUNnb0lMMjB2TURGeVpub3FDaElJTDIwdk1ERnlabm9vQUEqKggAKiYICiIgQ0JBU0Vnb0lMMjB2TURKcWFuUVNBblJsR2dKSlRpZ0FQAVAB,PEOPLE,famous people,Entertainment,ENTERTAINMENT
te,Sports,CAAqJggKIiBDQkFTRWdvSUwyMHZNRFp1ZEdvU0FuUmxHZ0pKVGlnQVAB,,,,,Sports,SPORTS
mr,India,CAAqIQgKIhtDQkFTRGdvSUwyMHZNRE55YXpBU0FtMXlLQUFQAQ,,,,,India,NATION
mr,Your local news,CAAqHAgKIhZDQklTQ2pvSWJHOWpZV3hmZGpJb0FBUAE,,,,,Your local news,NATION
mr,Entertainment,CAAqJggKIiBDQkFTRWdvSUwyMHZNREpxYW5RU0FtMXlHZ0pKVGlnQVAB,नवीनतम,CAQqKggAKiYICiIgQ0JBU0Vnb0lMMjB2TURKcWFuUVNBbTF5R2dKSlRpZ0FQAQ,LATEST,latest,Entertainment,ENTERTAINMENT
mr,Entertainment,CAAqJggKIiBDQkFTRWdvSUwyMHZNREpxYW5RU0FtMXlHZ0pKVGlnQVAB,चित्रपट,CAQiWkNCQVNQUW9JTDIwdk1ESnFhblFTQW0xeUdnSkpUaUlPQ0FRYUNnb0lMMjB2TURKMmVHNHFHUW9YQ2hOTlQxWkpSVk5mVTBWRFZFbFBUbDlPUVUxRklBRW9BQSoqCAAqJggKIiBDQkFTRWdvSUwyMHZNREpxYW5RU0FtMXlHZ0pKVGlnQVABUAE,MOVIES,movies,Entertainment,ENTERTAINMENT
mr,Entertainment,CAAqJggKIiBDQkFTRWdvSUwyMHZNREpxYW5RU0FtMXlHZ0pKVGlnQVAB,संगीत,CAQiRkNCQVNMZ29JTDIwdk1ESnFhblFTQW0xeUdnSkpUaUlPQ0FRYUNnb0lMMjB2TURSeWJHWXFDaElJTDIwdk1EUnliR1lvQUEqKggAKiYICiIgQ0JBU0Vnb0lMMjB2TURKcWFuUVNBbTF5R2dKSlRpZ0FQAVAB,MUSIC,music,Entertainment,ENTERTAINMENT
mr,Entertainment,CAAqJggKIiBDQkFTRWdvSUwyMHZNREpxYW5RU0FtMXlHZ0pKVGlnQVAB,टीव्ही,CAQiRkNCQVNMZ29JTDIwdk1ESnFhblFTQW0xeUdnSkpUaUlPQ0FRYUNnb0lMMjB2TURkak5USXFDaElJTDIwdk1EZGpOVElvQUEqKggAKiYICiIgQ0JBU0Vnb0lMMjB2TURKcWFuUVNBbTF5R2dKSlRpZ0FQAVAB,TV,tv,Entertainment,ENTERTAINMENT
mr,Entertainment,CAAqJggKIiBDQkFTRWdvSUwyMHZNREpxYW5RU0FtMXlHZ0pKVGlnQVAB,पुस्तके,CAQiWkNCQVNQUW9JTDIwdk1ESnFhblFTQW0xeUdnSkpUaUlQQ0FRYUN3b0pMMjB2TUdKMFgyTXpLaGdLRmdvU1FrOVBTMU5mVTBWRFZFbFBUbDlPUVUxRklBRW9BQSoqCAAqJggKIiBDQkFTRWdvSUwyMHZNREpxYW5RU0FtMXlHZ0pKVGlnQVABUAE,BOOKS,books,Entertainment,ENTERTAINMENT
mr,Entertainment,CAAqJggKIiBDQkFTRWdvSUwyMHZNREpxYW5RU0FtMXlHZ0pKVGlnQVAB,कला,CAQiQ0NCQVNMQW9JTDIwdk1ESnFhblFTQW0xeUdnSkpUaUlOQ0FRYUNRb0hMMjB2TUdwcWR5b0pFZ2N2YlM4d2FtcDNLQUEqKggAKiYICiIgQ0JBU0Vnb0lMMjB2TURKcWFuUVNBbTF5R2dKSlRpZ0FQAVAB,ART,art,Entertainment,ENTERTAINMENT
mr,Entertainment,CAAqJggKIiBDQkFTRWdvSUwyMHZNREpxYW5RU0FtMXlHZ0pKVGlnQVAB,सेलिब्रिटी,CAQiRkNCQVNMZ29JTDIwdk1ESnFhblFTQW0xeUdnSkpUaUlPQ0FRYUNnb0lMMjB2TURGeVpub3FDaElJTDIwdk1ERnlabm9vQUEqKggAKiYICiIgQ0JBU0Vnb0lMMjB2TURKcWFuUVNBbTF5R2dKSlRpZ0FQAVAB,CELEBRITY,celebrity,Entertainment,ENTERTAINMENT
mr,Games,CAAqJggKIiBDQkFTRWdvSUwyMHZNRFp1ZEdvU0FtMXlHZ0pKVGlnQVAB,,,,,Games,SPORTS
